variavel,n,media,std,q05,q50,q95
tau_densa,4797,0.01638863506297594,0.5119468291815865,-0.6865720128928878,-0.1064534098767936,0.9804133466087486
tau_diluida,4797,-0.009938197345649446,0.5212035099895244,-0.822881960784133,0.0553952436309271,0.6678845937695774
tau_backpass,4797,-0.007671363519440355,0.39879369291132644,-0.6789149501289559,0.0799762514074648,0.5510729083251629
tau_global,4797,-0.0004069752673712978,0.33359929490090373,-0.6004315863300914,0.0959658320600659,0.4265115035399217
